patient_id,first_name,last_name,gender,street_address,city,state,zip_code,phone
31-163-7942,Godwin,Beall,Male,5127 Toban Crossing,Columbus,OH,43268,614-144-4650
10-220-7080,Robbin,Redfern,Female,8 Reinke Alley,Philadelphia,PA,19191,215-759-3992
83-161-8285,Sidonia,Jendrys,Female,62544 Moose Place,Rochester,NY,14619,585-707-9788
54-087-1690,Germana,Janacek,Female,57 Fuller Point,Ogden,UT,84409,801-812-8455
27-102-3263,Ernestus,Meharry,Male,7 Clove Crossing,Clearwater,FL,34620,727-269-3662
28-549-1341,Darrick,Cone,Male,39 Doe Crossing Way,Clearwater,FL,33758,813-711-4676
42-464-3843,Iorgos,Cuttelar,Male,216 Oriole Point,Vancouver,WA,98664,360-969-3526
58-408-2505,Ingaberg,Garci,Female,77 Park Meadow Hill,Pensacola,FL,32520,850-980-3282
70-201-4087,Tanner,Gavrielli,Male,0013 Quincy Road,Syracuse,NY,13251,315-320-2026
31-625-0902,Mattias,Nixon,Male,01 Hermina Park,Portsmouth,NH,03804,603-587-8195
35-946-3349,Thatcher,Lambeth,Male,52 Dixon Park,Akron,OH,44329,330-675-2678
72-280-9492,Dallas,Sjollema,Male,6531 Hanover Parkway,Saint Louis,MO,63104,314-904-2365
72-732-1710,Phylis,Oak,Female,8066 Pepper Wood Lane,Nashville,TN,37210,615-852-4614
59-417-0503,Lorine,Trembley,Female,40 Kennedy Park,Warren,OH,44485,330-521-4212
29-474-8936,Eldredge,Hansman,Male,15176 Commercial Center,Denver,CO,80243,303-651-3676
09-250-2307,Eloise,Draisey,Female,556 Kropf Place,Atlanta,GA,30323,404-681-9387
62-464-1789,Carolann,Ballsdon,Female,7842 Moulton Street,Los Angeles,CA,90010,408-708-8999
81-226-9059,Roxanna,Dunleavy,Female,8 Fisk Lane,Portland,OR,97255,971-878-2369
09-433-9909,Nester,Fransman,Male,85 Doe Crossing Center,Cincinnati,OH,45238,513-647-8351
13-320-0839,Magdalen,Beetham,Female,16 Bellgrove Avenue,Boulder,CO,80310,303-671-3989
40-503-2942,Corly,Brodie,Female,44 Melby Parkway,New York City,NY,10270,347-940-5379
30-724-6828,Emlynne,Andreev,Female,47 Fordem Road,Anaheim,CA,92812,714-400-9620
31-025-2924,Eugen,Clotworthy,Male,1 Grover Drive,Cleveland,OH,44130,440-304-8756
04-138-4045,Jeanna,Stranks,Female,587 1st Center,Anderson,SC,29625,864-933-5976
57-108-4053,Kristos,Klass,Male,44468 South Parkway,Washington,DC,20470,202-568-8506
57-660-8114,Shea,Flew,Male,69015 Milwaukee Junction,Metairie,LA,70005,504-771-0258
34-649-2443,Natalee,Pfeffel,Female,20 Warner Park,Rockville,MD,20851,240-810-5888
02-240-1887,Cami,Kirkbride,Female,5806 Superior Pass,Fort Worth,TX,76110,817-788-3983
18-431-6180,Brandie,Yann,Female,6361 Jackson Road,Seattle,WA,98158,425-852-0151
50-837-4195,Tracie,Besnardeau,Agender,3 Transport Place,Atlanta,GA,30375,404-294-1544
57-096-7282,Felic,Winyard,Male,253 Steensland Point,Lincoln,NE,68510,402-592-8541
17-341-2870,Rudolph,Saura,Male,4035 Buena Vista Avenue,Louisville,KY,40256,502-370-8088
54-256-2227,Marys,Skrzynski,Bigender,57284 Gina Way,Fairfax,VA,22036,571-853-3620
03-618-3374,Teresita,Maria,Female,82952 Fulton Road,Buffalo,NY,14233,716-890-7828
47-991-8370,Doyle,Orgel,Male,30 Golf Park,Atlanta,GA,31106,404-184-0404
71-586-0089,Adler,Dorward,Male,45 Vera Lane,Cleveland,OH,44111,216-658-2847
81-512-8650,Marlene,Dacey,Female,675 Carpenter Hill,Jamaica,NY,11499,212-149-5491
70-306-0701,Ephrem,Gerler,Male,23282 Summerview Street,Evansville,IN,47712,812-132-2085
14-765-2896,Ellerey,Grand,Male,5396 Elgar Pass,Richmond,VA,23203,804-621-1683
50-557-1536,Dulsea,Feake,Genderqueer,976 Gerald Parkway,Providence,RI,02905,401-366-3123
11-092-7540,Humfrid,Gorringe,Male,3322 Main Parkway,Chicago,IL,60697,312-925-8105
07-727-8789,Renault,Delafoy,Male,37 Rutledge Place,Lake Worth,FL,33467,561-531-4003
30-543-0643,Carina,Caines,Female,958 Northfield Road,El Paso,TX,79955,915-110-1447
97-451-8945,Talia,Porker,Female,8508 South Way,Orlando,FL,32830,407-572-0164
72-616-6051,Alfonso,Izachik,Male,8366 Caliangt Way,Fresno,CA,93715,559-513-7085
23-997-0356,Lauree,Neylon,Female,4244 Anhalt Plaza,Louisville,KY,40250,502-860-4107
74-978-2825,Forbes,Ridges,Male,95280 Florence Court,Fredericksburg,VA,22405,540-183-9846
31-060-6658,Noland,Cliff,Male,01541 Leroy Drive,Canton,OH,44720,234-392-5029
37-386-0737,Elle,Davidovici,Polygender,664 Mosinee Court,Knoxville,TN,37939,865-111-9955
42-540-9717,Andrej,Gregoletti,Male,24 Alpine Parkway,Mobile,AL,36670,251-497-3345
52-844-0666,Estevan,Pellatt,Male,39473 Butternut Court,Houston,TX,77299,713-935-3624
81-908-6766,Dolli,Megson,Female,21 Westerfield Way,Bakersfield,CA,93305,661-178-1977
24-696-7858,Lucius,Duer,Male,0530 5th Point,Charlotte,NC,28242,704-270-5894
23-958-5354,Lisetta,Bernon,Female,8 Quincy Road,Richmond,VA,23220,804-190-7596
37-587-2860,Dagny,Clemson,Male,76 West Parkway,Houston,TX,77206,713-671-8727
54-694-6896,Quintus,Bozworth,Male,629 Green Ridge Drive,Sacramento,CA,94263,916-967-3429
94-980-1107,Aline,Greenstock,Agender,2374 Manufacturers Trail,Tucson,AZ,85710,520-805-1141
51-929-8908,Damita,Westhead,Female,45 Bunting Road,New York City,NY,10014,347-149-3024
09-090-2460,Cy,Colthard,Male,2092 Monument Parkway,Colorado Springs,CO,80945,719-604-5040
45-363-7484,Tara,Kerbler,Female,5229 Monterey Avenue,Wilkes Barre,PA,18706,570-420-3301
69-403-5299,Daffie,Collar,Female,77023 Buell Place,Torrance,CA,90505,310-262-9789
20-715-8204,Algernon,Newsome,Male,05054 Straubel Pass,Albuquerque,NM,87190,505-437-2607
81-644-6037,Charity,Risley,Female,226 Vidon Center,Salt Lake City,UT,84145,801-841-7097
87-081-6301,Golda,Cammell,Female,67534 Saint Paul Court,Topeka,KS,66606,785-350-1404
75-160-9436,Crystal,Klehn,Female,11747 High Crossing Lane,Atlanta,GA,30358,404-920-1079
07-283-6479,Aldous,Duchart,Male,2509 Sycamore Way,Roanoke,VA,24020,540-915-9531
75-638-9600,Leeanne,Lutwidge,Polygender,73813 Pine View Trail,Lexington,KY,40586,859-424-4309
10-386-4838,Amara,Yanshin,Female,37 Mcbride Lane,Palo Alto,CA,94302,310-595-2272
61-901-2882,Tobin,Lemerle,Male,51006 Duke Parkway,Houston,TX,77010,713-583-0138
49-879-0244,Markos,Warkup,Male,2391 Granby Parkway,Sacramento,CA,94286,916-450-8396
70-028-6085,Gene,Stoffer,Female,3 Bowman Trail,Akron,OH,44321,330-179-9122
89-139-2477,Terrell,Bellenger,Male,7 Ridge Oak Avenue,Gilbert,AZ,85297,602-142-8774
95-704-2998,Ethan,Ber,Male,4 Fair Oaks Parkway,Springfield,MA,01152,413-475-7902
16-191-4825,Reese,Deacock,Bigender,7460 Anniversary Place,Anaheim,CA,92812,714-792-6682
73-175-3953,Kiley,Lightman,Female,0 Sunbrook Center,San Jose,CA,95123,408-166-7448
83-295-5492,Logan,Isaq,Male,3983 Paget Junction,Lansing,MI,48901,517-991-4961
62-675-3886,Bartie,Botger,Male,2786 Mccormick Trail,Fairfield,CT,06825,203-591-8016
37-606-9981,Sigfried,Knevett,Male,4 Mayer Center,Tallahassee,FL,32309,850-916-9181
23-325-8575,Salomi,Syrie,Female,63093 Westerfield Hill,Sacramento,CA,94263,916-453-0011
74-145-1348,Kyle,Benbow,Male,0 Spenser Pass,Alhambra,CA,91841,626-781-0366
30-847-1633,Doralyn,Matteoli,Female,05 Sutherland Road,Oakland,CA,94622,510-153-0249
97-903-0069,Alene,Tebbett,Female,46 Lakeland Way,Oklahoma City,OK,73167,405-878-8361
43-166-0148,Morlee,Ivanets,Male,0 Utah Avenue,Falls Church,VA,22047,571-195-9769
12-438-1253,Archibold,Afield,Male,1 Farmco Terrace,Waco,TX,76705,254-159-8220
90-164-3401,William,Oldacre,Genderfluid,6374 Burrows Pass,Tulsa,OK,74108,918-474-7347
03-813-1119,Paulita,Abbys,Female,46 Eliot Parkway,San Diego,CA,92115,619-623-4927
77-032-8074,Alic,Varnes,Male,8 Mifflin Avenue,Springfield,MO,65805,417-992-2609
15-503-1111,Gabriello,Jarmyn,Male,953 Warner Road,Rochester,NY,14614,585-342-6543
93-556-3193,Noach,Bottoner,Male,7 Miller Street,Terre Haute,IN,47805,812-535-8626
21-212-9694,Nikolai,Simionescu,Male,1497 Blackbird Court,El Paso,TX,79945,915-126-7593
33-443-3229,Enrico,Rushe,Male,52991 Warner Point,Houston,TX,77025,832-587-7748
44-369-7167,Alanson,Doberer,Male,72 Almo Point,Dayton,OH,45454,937-143-6977
62-046-5438,Adora,Josselsohn,Female,9028 Golf View Pass,Orange,CA,92867,714-488-5680
22-458-8914,Gerianne,Bonder,Female,073 Parkside Drive,Fort Worth,TX,76147,817-229-1080
72-495-6135,Fitz,Renfield,Male,53631 Sheridan Parkway,Sacramento,CA,94250,916-797-4174
37-586-1108,Gerta,Ties,Female,56 Linden Avenue,Macon,GA,31205,478-181-1649
18-676-0797,Kiley,Hinkins,Female,9887 Di Loreto Trail,Topeka,KS,66617,785-452-5315
38-067-0453,Ashleigh,Papez,Bigender,471 Aberg Drive,Jackson,TN,38308,731-331-3861
51-916-0344,Nicko,Edgeson,Male,54 Randy Court,Phoenix,AZ,85025,520-532-5491
94-311-0081,Stanfield,Cubley,Male,90 Laurel Crossing,Albany,NY,12242,518-672-2116
61-954-4714,Ainsley,Duker,Female,04044 Golf Parkway,Charlotte,NC,28256,704-992-2227
18-914-2977,Augy,Wife,Male,5816 Continental Point,Brooklyn,NY,11254,212-454-0835
69-274-4962,Opal,Levermore,Female,12 Center Hill,Anaheim,CA,92825,714-496-4989
14-791-2765,Therine,Bilham,Female,274 Kingsford Junction,Birmingham,AL,35220,205-335-1939
78-149-8281,Rafaellle,Vergine,Male,8 Dottie Hill,Kansas City,MO,64142,816-211-4464
52-872-9293,Prescott,Strothers,Male,1229 Bluejay Way,Seattle,WA,98185,206-724-4417
98-211-0865,Madelle,Andriesse,Genderqueer,414 Roth Parkway,Fresno,CA,93778,559-264-2501
95-303-6533,Bette,Kellett,Female,9 Service Terrace,Sacramento,CA,94286,916-467-3421
15-393-6728,Pearl,Bour,Female,8166 Golf View Hill,Raleigh,NC,27626,919-159-6247
41-620-1544,Arnoldo,Garnson,Male,58011 Meadow Valley Circle,Fort Wayne,IN,46805,260-840-3121
48-470-5177,Clemmie,Glantz,Male,59651 Pawling Junction,High Point,NC,27264,336-162-9791
71-677-6684,Tiffanie,Coghlin,Female,1 Stang Drive,Raleigh,NC,27690,919-689-0145
56-895-8693,Alexis,McHardy,Male,52751 Acker Park,Las Vegas,NV,89166,702-422-5259
49-198-9023,Lynn,Work,Polygender,8 Rieder Lane,Asheville,NC,28815,828-845-0318
55-866-7729,Chandler,Chitson,Male,1244 Cherokee Road,Moreno Valley,CA,92555,951-387-5881
36-523-9818,Margery,Semiraz,Female,64 Lindbergh Circle,Lynchburg,VA,24503,434-398-9723
00-322-1846,Celeste,Fowkes,Female,57 Lotheville Plaza,Spokane,WA,99220,509-231-3783
44-282-7442,Enrico,Domniney,Male,60 Pond Terrace,Salt Lake City,UT,84145,801-558-5739
34-187-9845,Gualterio,Vernay,Genderfluid,090 New Castle Plaza,El Paso,TX,79955,915-108-6690
81-925-6769,Marianna,Pietrasik,Genderfluid,74 Mallory Terrace,Amarillo,TX,79118,806-231-4912
97-710-1721,Rodolph,Gowdy,Polygender,25 Waxwing Place,Orlando,FL,32891,407-178-4736
55-351-4506,Rutherford,Yule,Male,50188 Comanche Terrace,Washington,DC,20310,202-636-1056
09-651-1000,Merrel,Boon,Male,092 5th Point,Dallas,TX,75379,214-374-0100
16-746-6856,Roanna,Blackey,Female,3160 Larry Road,Southfield,MI,48076,248-508-3569
56-090-8649,Barnie,Breakspear,Male,786 Huxley Road,Jacksonville,FL,32225,904-130-4178
12-462-6861,Liam,Bruin,Male,9 Hoffman Pass,Oakland,CA,94611,415-717-8807
67-881-0145,Alvin,Duerdin,Male,9943 Dovetail Center,Washington,DC,20551,202-769-8260
65-099-5408,Maddalena,Plumm,Female,9318 Ruskin Junction,Garden Grove,CA,92844,310-935-3412
37-995-0124,Erda,Francois,Female,85 Prentice Center,San Francisco,CA,94110,415-129-0263
54-576-3785,Beau,Pre,Bigender,9194 Carberry Junction,Richmond,VA,23225,540-708-1078
10-175-3826,Paul,Ferentz,Genderfluid,17445 Maryland Junction,Oklahoma City,OK,73173,405-951-1573
03-870-3701,Farah,Reimers,Female,70 Hayes Street,Albany,NY,12210,518-274-7789
74-666-9522,Felic,Erickson,Male,88 Loomis Park,Houston,TX,77040,281-818-4420
93-854-9169,Caren,Hartopp,Female,39178 Killdeer Place,Seattle,WA,98109,425-772-5814
70-216-4952,Gerome,Cescoti,Male,3012 Moland Junction,El Paso,TX,79994,915-846-9277
84-238-5307,Joellyn,Juza,Female,32 Sommers Park,Oklahoma City,OK,73152,405-889-9138
34-969-7491,Sullivan,Toppas,Male,9 Mockingbird Way,San Francisco,CA,94164,415-750-2911
67-557-6395,Billye,Brill,Female,459 Monument Junction,Chula Vista,CA,91913,619-116-2787
18-253-3087,Kalvin,Whightman,Male,25 Prairieview Alley,Dallas,TX,75277,214-298-2072
18-541-5657,Chrissy,Griston,Female,0966 Muir Point,Philadelphia,PA,19131,215-996-3036
03-362-6804,Giustina,Ife,Female,92136 Chive Point,Jacksonville,FL,32220,904-996-1312
94-925-4571,Trueman,Filyushkin,Male,82178 Badeau Center,Jamaica,NY,11470,718-366-9251
97-816-3922,Emmanuel,Red,Male,58 Continental Way,Greeley,CO,80638,970-299-7094
33-796-5561,Kliment,MacNess,Male,15 Golden Leaf Junction,Edmond,OK,73034,405-569-6796
08-329-2226,Mallory,Gonnard,Male,6906 International Parkway,Hartford,CT,06152,860-651-1963
33-218-5603,Giffie,Dore,Male,3741 Anhalt Lane,Columbus,GA,31914,706-609-3101
68-776-4581,Morgan,Tuttiett,Female,476 Portage Junction,Naples,FL,33961,305-126-7701
94-892-4174,Pierre,Zollner,Male,785 Green Alley,Houston,TX,77223,713-429-1060
71-170-4261,Tootsie,Gavozzi,Female,50 Brentwood Plaza,Houston,TX,77025,713-559-7536
34-255-2971,Umberto,Kopec,Male,316 Dayton Lane,New York City,NY,10203,212-908-0161
08-994-0212,Thornton,Sircombe,Genderqueer,346 Monterey Hill,Lexington,KY,40591,859-233-4517
70-705-7827,Milzie,Formoy,Female,94385 2nd Pass,Huntington,WV,25705,304-707-8929
92-397-9418,Illa,De Cruze,Female,627 Hanson Hill,Harrisburg,PA,17110,717-954-8933
37-333-3793,Nikaniki,Vasilik,Female,619 Pearson Street,Louisville,KY,40220,502-699-3877
96-447-6388,Kai,Bleaden,Female,0971 Elka Lane,New Orleans,LA,70187,504-700-7454
97-759-5618,Dyan,Bestwick,Female,89 1st Park,Boise,ID,83727,208-852-8576
86-912-2414,Mollie,Moysey,Female,0 Cottonwood Avenue,Indianapolis,IN,46295,317-723-2025
83-915-6835,Lynette,O'Curneen,Genderfluid,5 Rieder Park,Champaign,IL,61825,217-821-8638
02-688-4912,Vinny,Stampe,Female,29402 Memorial Drive,Flint,MI,48505,810-836-5778
15-369-3807,Sabra,Duggary,Agender,374 Emmet Place,Cincinnati,OH,45254,513-964-1706
90-306-7945,Quent,Rimer,Male,60 Heath Pass,New York City,NY,10260,212-314-8501
30-710-6470,Cort,Kyffin,Male,585 Banding Alley,Tampa,FL,33605,813-844-1543
61-538-2037,Manolo,Simonetti,Non-binary,1517 Blaine Circle,Springfield,MA,01114,413-751-4386
64-547-3186,Kent,Kellie,Male,54686 3rd Court,Silver Spring,MD,20910,240-432-4622
30-273-1444,Steffie,Smylie,Female,586 Nobel Road,Seattle,WA,98127,206-981-4302
92-297-0010,Thorpe,Laite,Male,853 Division Crossing,Littleton,CO,80127,303-851-2685
54-102-0086,Emeline,Benettelli,Female,10 Waubesa Circle,Jacksonville,FL,32255,904-886-3169
83-990-6482,Abie,Bard,Agender,3354 Acker Place,Pinellas Park,FL,34665,850-557-8283
03-726-9814,Isidoro,Guisot,Male,8 Roxbury Center,Charlotte,NC,28299,704-750-8743
40-588-4242,Damita,Hember,Female,5 Maryland Parkway,South Lake Tahoe,CA,96154,530-492-6777
82-297-6664,Elyssa,Castel,Female,99676 Bluejay Place,Denver,CO,80262,303-974-6134
64-579-2969,Valeria,Philbin,Female,75713 Vernon Trail,Winston Salem,NC,27105,704-626-9046
24-694-3011,Merline,Roxby,Female,68 Namekagon Junction,San Francisco,CA,94159,415-664-0253
69-971-0327,Hannis,Breitler,Polygender,03114 Hollow Ridge Way,Garland,TX,75049,214-858-6719
17-747-7223,Shay,Sidworth,Polygender,1257 Doe Crossing Place,Hampton,VA,23668,757-289-5396
55-221-1873,Gratia,Ganderton,Female,1 Hallows Street,Birmingham,AL,35220,205-911-9388
51-584-4075,Hakeem,Lambirth,Male,1 Lighthouse Bay Way,Spokane,WA,99260,509-180-1511
63-545-8095,Revkah,Sirey,Female,529 Moland Point,Houston,TX,77080,281-233-4957
74-348-3095,Claudine,Schneider,Female,964 Gulseth Junction,Lincoln,NE,68510,402-974-7182
93-888-8939,Billie,Cardno,Male,2 Lindbergh Junction,Albany,NY,12262,518-991-7943
06-690-7063,Milka,Basire,Female,0 Hooker Center,Orlando,FL,32835,321-316-6929
36-014-5203,Carmella,Courtier,Female,78 Morrow Alley,Columbia,MO,65218,573-464-4759
88-339-4640,Tuesday,Scaife,Female,008 Tony Park,Phoenix,AZ,85072,602-182-6517
13-801-6879,Barry,Housen,Male,9022 Rowland Plaza,Erie,PA,16510,814-324-5484
10-905-0093,Tuesday,Grimsdike,Female,93 Barnett Parkway,Buffalo,NY,14210,716-547-3144
65-146-0005,Nicolle,Tandy,Female,945 Morrow Lane,Miami,FL,33124,786-940-0151
33-778-3102,Cheslie,Vanyarkin,Genderfluid,2330 Farragut Street,Charleston,SC,29411,843-399-6166
48-058-9257,Cletis,De Filippi,Male,9 Express Street,Fort Worth,TX,76192,682-880-1658
18-151-1887,Bryanty,Beacham,Male,455 Golf Trail,Johnstown,PA,15906,814-816-2433
14-210-4170,Jojo,Inchley,Female,22628 Meadow Valley Lane,Saint Petersburg,FL,33737,727-997-7799
37-806-5486,Kiel,Pittel,Male,97225 Leroy Point,Woburn,MA,01813,339-482-8489
55-037-5838,Percy,Hunnable,Male,2 Stoughton Lane,Philadelphia,PA,19109,610-320-4614
83-707-7922,Bonny,Reddings,Female,486 Bartelt Point,Trenton,NJ,08603,609-374-2825
96-283-1701,Jamill,Hafford,Male,3656 Carberry Center,Hagerstown,MD,21747,240-527-7262
07-357-9359,Bernadette,Scowcroft,Female,0955 Florence Point,Lincoln,NE,68517,402-743-8689
11-715-1033,Dalenna,Dargue,Female,7042 Bluejay Park,Memphis,TN,38131,901-659-5421
00-666-4698,Ariadne,Hetterich,Non-binary,21516 Hanover Hill,Duluth,MN,55805,218-292-7040
86-391-4808,Levon,Ccomini,Male,9 Thackeray Court,Birmingham,AL,35225,205-171-5230
20-348-2941,Melodee,Murt,Female,311 Briar Crest Point,Louisville,KY,40250,502-928-9687
63-563-6465,Frederica,Shirtliff,Polygender,35023 Meadow Vale Park,Washington,DC,20575,202-780-8346
